,createTime,textExtra,desc
0,2023-09-13 18:57:03,,"La mia intervista di questa sera a ""Cinque Minuti"", su Rai 1."
1,2023-09-12 16:05:41,,"Stiamo dando alla Nazione una strategia che non aveva da anni, un orgoglio che aveva dimenticato e una stabilit√† che √® alla base di ogni vero cambiamento possibile. Questo √® solo l‚Äôinizio."
2,2023-09-11 09:02:24,g20,"Grazie India, complimenti per il successo del #G20."
3,2023-09-03 07:28:10,,"A 41 anni dal brutale attentato mafioso che ha causato la morte del Generale dell'Arma dei Carabinieri Carlo Alberto Dalla Chiesa, di sua moglie Emanuela Setti Carraro e dell'agente di scorta Domenico Russo, continua senza sosta l‚Äôimpegno per sradicare ogni forma di criminalit√† organizzata.  Al Generale Dalla Chiesa, esempio di integrit√† e coraggio, e a tutti i servitori dello Stato che sono caduti lottando per liberare l‚ÄôItalia dal cancro della mafia, va il nostro pi√π profondo ringraziamento e rispetto.  La vostra battaglia √® la nostra e non indietreggeremo mai."
4,2023-08-12 06:05:11,,Salario minimo: punto stampa dopo l‚Äôincontro con le opposizioni. 
5,2023-08-10 16:45:43,gliappuntidigiorgia,"Salario minimo: vi spiego le criticit√† e che cosa abbiamo intenzione di fare, anche coinvolgendo le opposizioni, per presentare una proposta seria, condivisa e che migliori davvero le condizioni dei lavoratori senza danneggiarne altri. #gliappuntidigiorgia "
6,2023-08-10 09:22:06,gliappuntidigiorgia,Tassazione sui margini ingiusti delle banche. Una misura di buon senso che ci permette di aiutare le famiglie e le imprese italiane in difficolt√†. #gliappuntidigiorgia 
7,2023-08-09 20:02:33,gliappuntidigiorgia,"Cominciano in questi giorni a entrare in vigore le nuove norme sul reddito di cittadinanza. √à bene fare chiarezza su questo argomento, soprattutto dopo le polemiche e le moltissime falsit√† che sono state raccontate. Il Governo non intende tornare sui suoi passi: il nostro grande obiettivo √® passare dal reddito di cittadinanza al reddito di occupazione, quello che si ottiene grazie al lavoro. #gliappuntidigiorgia "
8,2023-08-02 10:35:09,,"Non c‚Äô√® nulla che voglio dire a coloro che mi criticano, penso che sia un loro diritto. L'unico modo in cui mi piace rispondere √® con i risultati. Quindi agisco, faccio ci√≤ che ritengo giusto per la mia Nazione, per gli interessi della mia Nazione. "
9,2023-07-30 16:24:12,,"Qualunque sia il consesso internazionale, l‚ÄôItalia si presenter√† sempre a testa alta. L‚Äôinteresse nazionale √® l‚Äôunico faro che guida la nostra azione."
10,2023-07-29 10:40:04,,"L‚Äôottimo bilancio della missione negli U.S.A. porta grande soddisfazione e un rinnovato interesse per l‚ÄôItalia nel mondo. Le nostre Nazioni sono profondamente legate da valori e radici comuni: storia, cultura, identit√†, fino ad arrivare ai rapporti commerciali e industriali. Siamo determinati a rafforzare la nostra cooperazione per poter affrontare al meglio le sfide che ci attendono."
11,2023-07-27 22:44:53,,"Washington: dichiarazioni alla stampa al termine dell'incontro con lo Speaker della Camera dei Rappresentanti, Kevin McCarthy."
12,2023-07-26 14:27:42,,Gli incendi e i disastri meteorologici degli ultimi giorni stanno mettendo a dura prova l‚ÄôItalia. Il Governo ha messo in campo tutti i mezzi di cui dispone e stiamo istruendo le richieste di stato di emergenza avanzate dalle Regioni colpite per deliberare le prime risorse. Siamo al lavoro per dare risposte immediate ed efficaci.
13,2023-07-23 14:28:34,,"Avviare un percorso condiviso in grado di attuare misure concrete per la crescita e lo sviluppo del Mediterraneo allargato e l‚ÄôAfrica, per affrontare le cause profonde dei flussi irregolari e per sconfiggere l‚Äôattivit√† criminale dei trafficanti di esseri umani. Animati da questo spirito, siamo onorati di ospitare oggi a Roma la Conferenza internazionale su sviluppo e migrazione."
14,2023-07-19 17:24:29,,"Ti aspettiamo in Italia, Zaki"
15,2023-07-18 13:11:16,,"Molto soddisfatta del Memorandum d'intesa siglato tra Tunisia e Ue e del ruolo fondamentale dell‚ÄôItalia per la sua riuscita.  L‚Äôaccordo si basa su cinque pilastri: assistenza macrofinanziaria, rafforzamento delle relazioni economiche, cooperazione sull'energia, contrasto all'immigrazione clandestina e promozione dei contatti tra le persone.  √à solo l'inizio di un percorso che pu√≤ consentire una collaborazione diversa da quella del passato, basata su forti relazioni internazionali che ci permettano di raggiungere risultati comuni."
16,2023-07-11 09:27:53,,"Tra le diverse misure che stiamo mettendo in campo per dare un concreto e incisivo sostegno alle famiglie maggiormente colpite dalla crisi, e in generale dal caro prezzi, oggi presentiamo la carta ‚ÄúDedicata a te"" per l‚Äôacquisto di beni di prima necessit√†. Il Governo c‚Äô√® ed √® pronto a fare la sua parte per aiutare al meglio gli italiani.  Il mio videomessaggio per la conferenza stampa di presentazione."
17,2023-07-03 19:14:52,transizioneecologica,"La #transizioneecologica √® importante, ma non possiamo smantellare la nostra economia per inseguirla. Va fatta con criterio, andando di pari passo alla sostenibilit√† sociale ed economica."
18,2023-06-29 10:16:43,,"Con buona pace di coloro che prevedevano catastrofi di ogni sorta, stiamo costruendo una Nazione forte e credibile a livello internazionale. Un‚ÄôItalia capace di affermare i propri interessi e di tutelare i bisogni dei suoi cittadini."
19,2023-06-26 17:49:06,,"Giornata mondiale contro le droghe: durante il mio intervento nell‚ÄôAula dei Gruppi Parlamentari della Camera dei deputati, la contestazione di alcuni parlamentari di sinistra a favore della legalizzazione. Anche nel rispetto di milioni di italiani che hanno scelto le nostre politiche con il loro voto, andremo avanti con convinzione e determinazione."
20,2023-06-22 13:26:10,,Difesa della libert√† religiosa: l‚ÄôItalia pu√≤ e deve dare l‚Äôesempio.
21,2023-06-21 05:49:53,,In bocca al lupo a tutti i maturandi!
22,2023-06-14 14:18:09,,Grazie Silvio. Non ti dimenticheremo.
23,2023-06-12 16:23:48,,"Gli attacchi non lo hanno mai scomposto. A chi, persino oggi, sta riversando odio nei suoi confronti avrebbe risposto come al solito col sorriso e con una battuta. Lo ricorderemo cos√¨."
24,2023-06-12 10:09:33,,"A Dio, Silvio."
25,2023-06-06 17:59:21,,La sinistra accusa il governo di deriva autoritaria? La verit√† √® che sono un po‚Äô a corto di argomenti e in poco pi√π di 6 mesi abbiamo smontato tutta la loro narrazione catastrofista.
26,2023-06-02 18:22:36,festadellarepubblica,"Viva l‚ÄôItalia democratica, libera, sovrana.  Viva l‚ÄôItalia che vuole crescere, innovare, stupire.  Viva l‚ÄôItalia che vuole tornare ad essere protagonista nel mondo.  Grazie a tutti gli uomini e le donne che rendono grande ogni giorno questa NazioneüáÆüáπ #FestadellaRepubblica"
27,2023-06-01 14:30:32,,"Chisinau, Moldova: il mio intervento nella sessione plenaria al Secondo Vertice della Comunit√† Politica Europea. "
28,2023-05-30 12:56:53,,"Credere in ci√≤ che siamo √® la benzina pi√π potente che possiamo mettere nel motore della Nazione. √à il carburante di cui abbiamo bisogno per tracciare nuove rotte e tornare protagonisti in Italia e nel mondo. Estratto del videomessaggio al convegno ‚ÄúNazione e Patria. Idee ritrovate‚Äù, che trovate completo sui miei profili Facebook-Twitter."
29,2023-05-29 16:45:44,,"Il centrodestra vince queste elezioni amministrative e conferma il suo consenso tra gli italiani, il suo radicamento e la sua forza. A tutti i sindaci i miei auguri di buon lavoro."
30,2023-05-26 19:03:50,,Grazie Catania!
31,2023-05-21 20:01:47,emiliaromagna,"Oggi in #EmiliaRomagna per vedere di persona la difficile situazione in cui si trova questa terra.  Il compito del Governo e dello Stato, oltre all‚Äôincredibile lavoro della Protezione Civile, delle Forze dell'Ordine, delle Forze Armate, dei Vigili del Fuoco e della Guardia Costiera, √® garantire risposte immediate. Le prime risorse saranno per l'emergenza e per tutti i provvedimenti necessari ad esentare le aziende e i cittadini dal pagamento delle imposte. Bisogner√† poi lavorare sugli indennizzi e sulla ricostruzione: per questo saranno prima necessarie una stima completa e una semplificazione per quanto riguarda le procedure. Siamo pronti a fare la nostra parte."
32,2023-05-21 10:11:33,"g7, hiroshima","Il Vertice #G7 a #Hiroshima, in Giappone, √® stato molto intenso. Con gli altri Capi di Stato e di Governo ho trascorso due giorni scanditi da molte sessioni di discussione e incontri bilaterali, che ci hanno permesso di affrontare molte questioni cruciali del nostro tempo. Un momento molto significativo √® stata la deposizione di una corona di fiori al Memoriale della Pace di Hiroshima, dove ho reso i miei onori e il doveroso rispetto alle vittime della bomba atomica nella seconda guerra mondiale. Ringrazio il Primo Ministro giapponese Fumio Kishida per la determinazione e la seriet√† con la quale ha organizzato questo importante Vertice e per la gestione di una presidenza in un contesto non facile. Il prossimo anno toccher√† all‚ÄôItalia ospitare il G7, e lo faremo in Puglia, Regione simbolo dell‚Äôincontro tra Occidente e Oriente. √à una grande responsabilit√† per l‚ÄôItalia, ma saremo all‚Äôaltezza del compito.  Continuiamo a lavorare insieme, nell‚Äôunit√† di tutti i membri, dimostrando che il G7 √® forte e determinato, pronto per affrontare le sfide presenti e future, per la pace e la sicurezza internazionale e delle nostre Nazioni."
33,2023-05-18 11:17:32,,"Ringrazio il Primo Ministro giapponese Fumio Kishida per la calorosa accoglienza alla vigilia del Vertice G7 a Hiroshima. Sono molto contenta del nostro Partenariato Strategico che ci sta consentendo di intensificare la nostra collaborazione. Siamo uniti nell'impegno a tutela di un ordine internazionale fondato sulle regole, della pace e della stabilit√†, da scienza e tecnologia a cooperazione industriale e sicurezza."
34,2023-05-17 10:11:27,,"In collegamento con il Comitato operativo della Protezione Civile presieduto dal Ministro Musumeci e il presidente della Regione Emilia-Romagna, Stefano Bonaccini. Il Governo √® pronto a fare la sua parte, con misure di urgenza, per fronteggiare l‚Äôemergenza e aiutare i cittadini colpiti dal maltempo."
35,2023-05-15 06:23:25,alpini,L‚ÄôAdunata Nazionale degli #Alpini  √® una delle rappresentazioni pi√π straordinarie di cosa sia l‚Äôamor di Patria. Grazie per l‚Äôaccoglienza.
36,2023-05-12 18:34:35,genitori,"La nostra storia non √® fatta di malinconia, ma di grandi imprese, creativit√† e risultati che hanno impressionato il mondo. Quella √® l'Italia in cui vogliamo tornare a vivere. Vogliamo restituire agli italiani la certezza e l'orgoglio di vivere in una Nazione in grado di guardare al futuro, dove le persone hanno voglia di fare e realizzare se stessi. Una Nazione nella quale si riscopra la bellezza di diventare #genitori "
37,2023-05-11 06:32:59,,"Energia, immigrazione, difesa: sono solo alcuni dei temi che ho affrontato nella mia missione a Praga con il Primo Ministro Petr Fiala. C'√® estrema dinamicit√† e fiducia nei rapporti tra l‚ÄôItalia e la Repubblica Ceca, e abbiamo intenzione di continuare a rafforzarli."
38,2023-05-10 08:18:03,,"La giornata di dialogo con le forze parlamentari di opposizione √® stata proficua. L‚Äôinstabilit√† della politica italiana ha prodotto danno alla nostra Nazione, per questo auspico una condivisione pi√π ampia possibile per le riforme istituzionali. Siamo pronti a proseguire questo percorso e a mantenere gli impegni presi con i cittadini."
39,2023-05-01 13:52:39,,Primo maggio: il Governo festeggia con i fatti. Anche oggi al lavoro per migliorare la condizione dei lavoratori.
40,2023-04-29 07:37:37,,"La missione nel Regno Unito √® stata un successo. Il Memorandum d‚ÄôIntesa, che abbiamo siglato con il Primo Ministro Rishi Sunak, rappresenta un grande risultato e corona l'eccellente stato dei rapporti tra le nostre Nazioni. L‚ÄôItalia e il Regno Unito sono pronte a collaborare attivamente per conseguire gli obiettivi comuni."
41,2023-04-27 19:59:27,,"Sul Def manterremo i nostri impegni nei tempi prefissati, continuando a lavorare per poter dare soluzioni concrete agli italiani."
42,2023-04-18 19:19:38,,"La qualit√† dei prodotti italiani √® la cosa pi√π preziosa che abbiamo. Al Salone del mobile di Milano ho spiegato cosa intendiamo fare per valorizzare le nostre eccellenze: dalla lotta alla contraffazione, con tutela di brevetti e marchi, a strumenti per far crescere le piccole e medie imprese e il tema della formazione e competenza. Difendiamo il marchio italiano e le nostre aziende."
43,2023-04-15 20:13:16,,"Un incontro estremamente emozionante con i ragazzi della scuola Italiana ‚ÄúGalileo Galilei‚Äù ad Addis Abeba, in Etiopia. Grazie per il vostro affetto. Continuate sempre a credere in voi stessi e nessuno potr√† mai fermarvi."
44,2023-04-15 18:12:09,,"Il bilancio della missione in Etiopia √® ottimo. C‚Äô√® grande voglia d'Italia e particolare attenzione per la nostra capacit√† di cooperare in modo non predatorio contribuendo alla stabilit√† delle nazioni africane, difendendo cos√¨ anche le nostre aziende sul territorio e contrastando l‚Äôimmigrazione illegale e le sue cause."
45,2023-04-12 20:25:36,essercisempre,"Alla terrazza del Pincio, a Roma, per celebrare, insieme alle donne e agli uomini della Polizia di Stato, i 171 anni della loro fondazione. L'Italia vi √® grata e riconoscente per l'impegno quotidiano a difesa della legalit√† e della sicurezza. Grazie per #essercisempre e auguri."
46,2023-04-12 07:41:25,,"Approvato in Consiglio dei Ministri un disegno di legge per contrastare i sempre pi√π frequenti fenomeni di vandalismo che colpiscono i nostri beni culturali e paesaggistici, aggiungendo sanzioni amministrative a quelle penali. Chi danneggia il nostro patrimonio artistico non pu√≤ e non deve farla franca."
47,2023-04-06 19:05:32,,"Lotta alla siccit√†, ricerca e sicurezza: importanti novit√† e provvedimenti del Governo in Consiglio dei Ministri"
48,2023-04-03 18:17:10,vinitaly,"Il settore agroalimentare e quello del vino in particolare rappresentano la perfetta sintesi tra economia, lavoro, salute, cultura, storia e ambiente. Non potevo mancare a questa edizione del #Vinitaly, che ha avuto una massiccia presenza del Governo. √à un segnale di attenzione che volevamo dare a questo mondo."
49,2023-03-31 18:56:58,gliappuntidigiorgia,Investimenti sulla sanit√† e potenziamento dei pronto soccorso: ecco la prima parte di una riforma complessiva che vogliamo fare affinch√© i cittadini possano tornare a fidarsi degli ospedali pubblici italiani. #gliappuntidigiorgia
50,2023-03-31 17:38:24,,"Nonostante il momento difficile che ‚ÄôItalia e l‚ÄôEuropa affrontano, sono stati creati oltre 100.000 nuovi posti di lavoro. Un'ottima notizia che ci spinge a fare sempre meglio."
51,2023-03-28 17:05:56,,Da 100 anni al servizio della Nazione. Auguri all‚ÄôAeronautica Militare üáÆüáπ
52,2023-03-28 13:34:47,,"Tanto entusiasmo e partecipazione oggi alla cerimonia del Centenario dell‚ÄôAeronautica Militare, che dimostrano un gran sentimento di Patria ‚úàÔ∏èüáÆüáπ"
53,2023-03-17 13:14:53,,Oggi al Congresso della Cgil per rivendicare le azioni del Governo e per ribadire che la forza delle idee non teme il confronto.
54,2023-03-16 14:01:40,,Chi ha governato fino ad ora ha reso pi√π poveri i lavoratori italiani e questo Governo far√† il possibile per invertire la rotta.
55,2023-03-15 20:54:21,,"Nel processo di transizione ecologica, l‚Äôobiettivo √® consegnare un pianeta pi√π pulito alle nuove generazioni, liberarsi dai mezzi inquinanti ma senza devastare il nostro sistema produttivo e creare altri disoccupati."
56,2023-03-15 18:22:50,,"Non intendiamo piegarci alle molte e potenti pressioni di chi vorrebbe imporre la visione ideologica di un mondo privo di confini nazionali. L'Italia e l'Europa non possono pi√π rimanere sotto il ricatto di scafisti senza scrupoli, che usano i migranti come scudi umani per i propri traffici, n√© permettere che questi criminali decidano chi possa arrivare sulle nostre coste e chi no. Su questo andremo avanti perch√© √® l‚Äôunica strada per fermare le morti in mare, tutelare i pi√π deboli e garantire sic"
57,2023-03-09 19:13:12,,Non intendiamo replicare l'approccio di quanti hanno lasciato che i trafficanti di esseri umani agissero indisturbati. La nostra risposta contro questi scafisti criminali sar√† ancora pi√π ferma e determinata.
58,2023-03-07 14:49:45,,"Il punto non √® quale sia il ruolo che gli altri hanno deciso per te, il punto √® se tu lo accetti: questo deve fare la differenza. Sempre. Oggi sono intervenuta alla presentazione del nuovo allestimento della Sala delle Donne alla Camera dei Deputati, in vista dell‚Äô8 marzo."
59,2023-03-04 19:29:39,,Sulla tragedia di Cutro ho sentito e letto delle ricostruzioni francamente surreali. Vi spiego cosa √® successo e cosa intende fare il Governo. Ascoltate.
60,2023-03-03 06:27:10,,"√à stato un onore per me inaugurare il Raisina Dialogue di quest'anno, e farlo davanti a un pubblico cos√¨ straordinario. Un pubblico che include rappresentanti di tutto il G20, con cui l'Italia condivide una responsabilit√† speciale per trovare soluzioni alle nostre comuni sfide globali.  Stiamo resistendo a una terribile tempesta che sta rendendo difficile la navigazione delle nostre navi. Ma ora possiamo fare la differenza."
61,2023-03-02 20:12:19,,"Ringrazio il Primo Ministro Narendra Modi per la splendida accoglienza in India. Un viaggio che coincide con il 75¬∞ Anniversario delle relazioni bilaterali tra le nostre Nazioni, che abbiamo elevato a Partenariato Strategico."
62,2023-03-01 17:03:31,,"Il 1¬∞ marzo 1961 nasceva a Rivolto la Pattuglia Acrobatica Nazionale. Da allora, le Frecce Tricolori dell'Aeronautica Militare sorvolano i nostri cieli con straordinarie acrobazie. Simbolo della nostra unit√† e identit√† nazionale, rappresentano un orgoglio tutto italiano. Auguri üáÆüáπ"
63,2023-02-28 17:17:52,,L‚Äôunico modo per impedire altre tragedie in mare e fermare scafisti e trafficanti senza scrupoli? Bloccare le partenze.
64,2023-02-27 20:12:23,,Buonasera. Vi ripropongo la mia intervista di poco fa da Bruno Vespa a ‚ÄúCinque Minuti‚Äù.
65,2023-02-20 15:33:02,gliappuntidigiorgia,"√à finita l'era in cui lo Stato si volta dall'altra parte sul fronte della legalit√†: per questo motivo, tra le tante operazioni sul tema, il Governo ha dato il via alla propria battaglia contro le occupazioni abusive.  Ecco qualche dato #gliappuntidigiorgia "
66,2023-02-19 18:32:15,,Bonus edilizi: ecco i provvedimenti del Governo.
67,2023-02-10 18:59:20,,"Palazzo Chigi, oggi. In ricordo dei Martiri delle Foibe e degli esuli di Istria, Fiume e Dalmazia."
68,2023-02-10 16:55:28,,"Sono molto contenta dei risultati ottenuti dall'Italia in questo Consiglio europeo.  C'era chi pensava che la politica estera italiana consistesse solo nel farsi dare pacche sulle spalle, mentre invece oggi abbiamo dimostrato che gli interessi della Nazione hanno rilevanza internazionale. In primis sul tema dei migranti, dove √® stato finalmente messo nero su bianco un principio molto importante che cambier√† l‚Äôapproccio: l'immigrazione √® un problema Ue e ha bisogno di una risposta Ue. "
69,2023-02-09 10:44:06,,Punto stampa a Bruxelles per il Consiglio europeo straordinario.
70,2023-01-31 20:04:40,,100 azioni in 100 giorni
71,2023-01-17 19:44:01,,"Dietro l'arresto di Matteo Messina Denaro ci sono valorosi uomini e donne che hanno lavorato ogni giorno rinunciando a tanto della loro vita e che meritano gratitudine e rispetto. Quando lo Stato vince contro la criminalit√† organizzata dobbiamo esserne felici, perch√© significa che la mafia si pu√≤ sconfiggere."
72,2023-01-16 17:01:08,,"Oggi √® un giorno di festa per le donne e per gli uomini che, silenziosamente, 7 giorni su 7, 365 giorni l'anno dedicano la loro vita alla lotta alla mafia. Voglio dire loro che possono contare sui provvedimenti del Governo per portare avanti questa battaglia insieme."
73,2023-01-16 13:36:28,,Una bella giornata per l'Italia tutta. La Nazione √® orgogliosa di voi.
74,2023-01-13 17:19:55,,"Con determinazione e a testa alta, risolleveremo l‚ÄôItalia. Insieme."
75,2023-01-12 21:15:08,,La mia intervista di questa sera al Tg5. Qui potete rivederla.
76,2023-01-11 21:45:57,,"Da diversi giorni alcuni opinionisti ed esponenti dell‚Äôopposizione raccontano che il prezzo della benzina sarebbe arrivato a 2,50‚Ç¨.  I dati per√≤ ci dicono che non √® cos√¨. Scopriamoli insieme."
77,2023-01-11 18:59:22,,Costi benzina: ecco gli interventi del Governo per contrastare le possibili speculazioni.
78,2023-01-03 08:30:45,gliappuntidigiorgia,Immigrazione illegale e tratta di esseri umani: √® finita l‚ÄôItalia che si accanisce con chi rispetta le regole e che fa finta di non vedere chi le v√¨ola sistematicamente. #gliappuntidigiorgia 
79,2023-01-01 13:05:57,,"A voi, alle vostre famiglie, buon 2023."
80,2022-12-30 12:14:16,,"Il lavoro lo creano le aziende e lo Stato non pu√≤ abbattere la povert√† per decreto. Noi stiamo lavorando per mettere le imprese italiane in condizioni di assumere, favorendo cos√¨ la crescita dell‚Äôintera Nazione. √à un nostro impegno."
81,2022-12-30 09:52:49,,"Sul Covid, il modello restrittivo adottato in passato non ha funzionato, come stiamo vedendo anche in Cina. La mia idea √® che si debba lavorare sulla responsabilizzazione dei cittadini e sulla prevenzione, piuttosto che sulla privazione delle libert√†. E intendo continuare cos√¨ anche in futuro."
82,2022-12-23 15:53:10,,"Ad Erbil, per portare il ringraziamento della Nazione ai militari italiani che svolgono, ogni giorno, il loro lavoro con grande spirito di abnegazione e sacrificio. Sono davvero grata, inoltre, per i doni con cui mi hanno omaggiata: il Tricolore con le firme di tutti i militari presenti e il magnifico mosaico della mia immagine in cui ogni tessera √® formata con le fotografie dei soldati italiani del contingente in Iraq. Un immenso onore."
83,2022-12-23 11:40:32,,"In Iraq per incontrare il Contingente militare italiano e rivolgere loro la nostra gratitudine e gli auguri di Natale. Un grazie al Generale di Divisione Iannucci e ai militari che mi hanno fatto dono della mimetica e grazie al Maresciallo Meloni per avermi dato la targhetta con il suo (e il mio) cognome, che ho indossato con immenso orgoglio."
84,2022-12-19 19:45:51,,L'accordo raggiunto in Europa sul tetto al prezzo del gas √® una grande vittoria dell'Italia.
85,2022-12-19 09:03:15,,Questo video √® stato girato 5 anni fa. Ma non ho cambiato idea e allora ve lo ripropongo.  √à ancora il tempo della rivoluzione del Presepe.
86,2022-12-17 17:01:42,,"Grazie ‚ù§Ô∏è A breve ‚ÄùGli appunti di Giorgia in piazza‚Äù, in diretta sui miei canali social. "
87,2022-12-14 16:55:46,gliappuntidigiorgia,La posizione del Governo sull‚Äôimmigrazione rimane sempre la stessa: in Italia non si entra illegalmente. Per la prima volta in Europa si affronta realmente il tema. Non intendiamo mollare.  #gliappuntidigiorgia 
88,2022-12-14 14:27:54,gliappuntidigiorgia,"Sabato, ore 17.30, #gliappuntidigiorgia  a Piazza del Popolo. Appuntamento a Roma per l‚Äôevento dedicato ai 10 anni di Fratelli d‚ÄôItalia."
89,2022-12-13 15:38:06,,"In passato ci si √® sempre chiesti se in Italia dovesse esserci pi√π o meno Europa. L'obiettivo del nostro Governo, invece, √® che ci sia pi√π Italia in Europa, indirizzando quest'ultima verso un approccio pi√π attento ai bisogni dei cittadini, delle famiglie e delle imprese."
90,2022-12-12 17:40:37,gliappuntidigiorgia,"18app: dopo le pretestuose polemiche dei giorni scorsi, vi spiego cosa faremo e perch√© non vogliamo togliere incentivi alla cultura per i giovani, semmai migliorarli. #gliappuntidigiorgia "
91,2022-12-09 14:55:44,,"Le toccanti parole dei due carabinieri che hanno scortato in ospedale un bambino di un anno in arresto cardiaco, bloccato nel traffico insieme ai suoi genitori, salvandogli la vita.   La commozione che traspare dalla loro testimonianza, racconta il senso del dovere e la passione che tanti uomini e donne in divisa impiegano ogni giorno per il bene della collettivit√†. A loro la nostra gratitudine."
92,2022-12-06 12:12:07,gliappuntidigiorgia,"Il lavoro ti pu√≤ portare ovunque, mentre il reddito di cittadinanza ti lascia dove sei. E noi abbiamo scelto di credere nell‚ÄôItalia e negli italiani. #gliappuntidiGiorgia"
93,2022-12-05 10:17:50,gliappuntidigiorgia,"Tetto al contante, lotta all‚Äôevasione fiscale e alla concorrenza sleale.  Tutto quello che c‚Äô√® da sapere sulle iniziative del Governo. #gliappuntidiGiorgia "
94,2022-11-26 20:28:40,,"Oggi alla centrale della Protezione civile per ricevere aggiornamenti e rimanere in contatto con le sedi operative che stanno prestando soccorso a Ischia. Rinnovo la nostra gratitudine nei confronti delle istituzioni, che si sono immediatamente mobilitate, e a tutti gli eroici soccorritori che stanno lavorando incessantemente per aiutare le popolazioni colpite dal maltempo."
95,2022-11-22 20:52:09,manovra2023,#Manovra2023
96,2022-11-15 14:34:09,g20indonesia,Oggi e domani a Bali per partecipare al #G20Indonesia e a importanti incontri bilaterali. Di fronte alle sfide del nostro tempo occorre dialogare e lavorare insieme per trovare soluzioni alle crisi globali.
97,2022-11-10 13:43:25,,"Dopo un intenso lavoro diplomatico, oggi la nostra connazionale Alessia Piperno √® stata rilasciata dalle autorit√† iraniane e si appresta a tornare in Italia. Voglio ringraziare tutti coloro che hanno contribuito a riportare Alessia dai suoi familiari."
98,2022-11-09 12:40:31,,"L‚Äôabbattimento del muro di Berlino segna il tramonto del comunismo sovietico e, con esso, dei regimi totalitari che avevano dominato il Novecento europeo.  A 33 anni di distanza da quell‚Äôevento, non dimentichiamo il valore della democrazia e della libert√†, valori fondanti della nostra identit√†."
99,2022-11-06 09:54:18,,Rave illegali: √® finita l'Italia nella quale alcuni rispettano le regole e altri no.
100,2022-11-03 20:58:11,,"Ho voluto organizzare questa prima visita del Governo a Bruxelles per dare il segnale di un'Italia che vuole partecipare, collaborare e difendere il proprio interesse nazionale all'interno della dimensione europea, portando le soluzioni migliori insieme alle altre Nazioni sulle grandi sfide che stiamo affrontando. "
101,2022-11-02 13:37:47,,"Oggi il giuramento dei Sottosegretari. Il compito che √® stato loro affidato sar√† difficile e pieno di ostacoli, ma sono certa che saranno pronti a svolgerlo con seriet√†, impegno e dedizione. Per il futuro dell‚ÄôItalia e degli italiani."
102,2022-10-31 08:35:47,,"All'Altare della Patria, per deporre una corona d'alloro sulla Tomba del Milite Ignoto.  Rendiamo omaggio a tutti coloro che hanno sacrificato la propria vita per la Nazione.   Un passato da onorare e da trasmettere alle nuove generazioni, giorno dopo giorno, per costruire insieme il futuro dell‚ÄôItalia."
103,2022-10-25 12:22:57,,"Alla fine di questa avventura a me interesser√† una sola cosa: sapere che abbiamo fatto tutto quello che potevamo per dare agli italiani una Nazione migliore. State certi che non ci arrenderemo, non indietreggeremo, e non tradiremo."
104,2022-10-23 13:01:15,,Si comincia. Con molta emozione ma anche con la consapevolezza delle difficili sfide che ci attendono.  Ora tocca a noi: siamo pronti üáÆüáπ
105,2022-10-22 08:24:39,,Giuramento al Quirinale
106,2022-10-21 13:41:07,governo,La delegazione di centrodestra ha convenuto col Presidente Mattarella sulla necessit√† di dare alla Nazione un nuovo #Governo nel minor tempo possibile. Tutta la coalizione ha indicato al Capo dello Stato la sottoscritta per la formazione del nuovo Esecutivo. Siamo pronti.
107,2022-10-21 09:09:45,,Dichiarazioni dopo le consultazioni con il Presidente della Repubblica
108,2022-10-10 12:51:33,fratelliditalia,"Professionisti, docenti, economisti, rappresentanti dei territori, amministratori, uomini e donne che daranno anima e cuore per difendere gli interessi e i diritti del popolo italiano. La squadra di #fratelliditalia in Parlamento √® pronta a dare il massimo per la Nazione üáÆüáπ"
109,2022-09-27 14:42:21,fratelliditalia,L‚ÄôItalia ha scelto noi e noi non la tradiremo. #fratelliditalia
110,2022-09-25 10:34:24,,25 settembre: ho detto tutto. 
111,2022-09-25 06:51:33,,Sapete cosa fare 
112,2022-09-23 21:32:32,votafdi,"Chi sogna un‚ÄôItalia orgogliosa, chi vuole tornare ad essere fiero della sua Nazione, della sua gente e della sua bandiera, il 25 settembre sceglie Fratelli d‚ÄôItalia.  Noi siamo pronti: ora √® il vostro momento. #VotaFdI"
113,2022-09-23 20:11:41,sud,"Al #Sud, come in tutta Italia, c‚Äô√® voglia di reale cambiamento. E noi siamo Pronti a ridare futuro e speranza alla nostra terra."
114,2022-09-23 18:23:22,,Adesso tocca a voi 
115,2022-09-23 10:52:45,"fratelliditalia, elezionipolitiche2022","I sondaggi favorevoli fanno piacere ma non devono distrarci: per vincere bisogna prima portare a termine le battaglie. Il 25 settembre serve una grande mobilitazione: bisogna andare tutti a votare. Pi√π ampio sar√† il consenso per #fratelliditalia, meno possibilit√† avranno i nostri avversari di mettersi insieme dopo le #elezionipolitiche2022  per fare inciuci e giochi di palazzo... aggirando, ancora una volta, la volont√† popolare."
116,2022-09-22 18:28:55,,Grazie Roma! 
117,2022-09-22 17:59:59,,Piazza del Popolo (Roma) ora.  Che spettacolo! 
118,2022-09-21 16:55:06,"fratelliditalia, bufala, fotomontaggio","Sapete l‚Äôultima? Alcuni esponenti di sinistra e del M5S, probabilmente indispettiti dall‚Äôennesima piazza partecipata per #fratelliditalia, hanno iniziato a diffondere sui social la ridicola #bufala  che avrei fatto un #fotomontaggio della nostra manifestazione a Palermo, mettendo in giro una semplice immagine ripresa col grandangolo.  Ora chi glielo spiega che sulla mia pagina √® presente, oltre a diverse foto, la diretta del mio intervento dove √® ripresa per un‚Äôora la piazza gremita di gente?  A qualcuno, evidentemente, d√† fastidio che Fratelli d‚ÄôItalia abbia riempito piazze in tutta Italia, dal nord al sud.  P.S. Con l‚Äôoccasione gli dedichiamo anche queste belle immagini video della piazza üòò"
119,2022-09-21 14:40:56,,"Bologna, a lezione di tortellini fatti a mano da Patrizia e Lisa: un‚Äôeccellenza italiana e un orgoglio locale.  Che dite, me la sono cavata? Migliorer√≤."
120,2022-09-21 08:56:37,usura,"Se ne parla poco, ma in Italia c'√® un'emergenza #usura, un fenomeno che piega famiglie e imprenditori. Ecco il nostro impegno per aiutare quei cittadini onesti che sono finiti sotto scacco del credito malavitoso"
121,2022-09-20 12:18:42,votafdi,Il 25 settembre si avvicina. Siete pronti? #VotaFdI
122,2022-09-20 07:30:09,,Sui social network devono valere le stesse regole che esistono sugli altri mezzi di informazione. La libert√† di parola e la trasparenza nella gestione dei nostri dati non possono essere messi in discussione: lo abbiamo proposto dall‚Äôopposizione e lo faremo al Governo.
123,2022-09-19 07:16:10,redditodicittadinanza,Sostenere i pi√π fragili e dare una prospettiva di lavoro e benessere a tutti gli altri: non lasceremo nessuno indietro. Ecco cosa vogliamo fare con il #redditodicittadinanza . Ascoltate.
124,2022-09-18 17:14:41,,Ho una denuncia da fare. Ascoltate bene‚Ä¶ 
125,2022-09-17 18:59:15,,A ritmo di piazza. Viva Bari 
126,2022-09-17 18:42:04,,Cartolina per Michele Emiliano. Grazie Bari ‚ô•Ô∏è
127,2022-09-17 13:22:40,votafdi,Pronti a tutelare i diritti del superbonus e a migliorare le agevolazioni edilizie. Sempre dalla parte delle imprese e dei cittadini onesti che si danno da fare per far crescere e migliorare l‚ÄôItalia. Ecco le proposte di Fratelli d‚ÄôItalia #votafdi 
128,2022-09-17 10:34:26,votafdi,"Votare √® semplice: basta fare una croce sul simbolo di Fratelli d‚ÄôItalia.  Noi siamo pronti a risollevare l‚ÄôItalia, ora tocca a voi. #VotaFdI"
129,2022-09-17 07:25:23,fratelliditalia,Sar√≤ chiara ancora una volta: non c‚Äô√® alcuna possibilit√† che #fratelliditalia  vada al Governo col Partito Democratico. Noi combattiamo la loro egemonia di potere e non saranno di certo le assurde ricostruzioni giornalistiche a farci cambiare idea.
130,2022-09-16 16:59:27,,Chiariamo (ancora una volta) la nostra posizione in merito alla legge sull'aborto. Basta bugie!
131,2022-09-15 10:27:08,,"Pi√π continuer√† il disperato tentativo di demonizzarci, pi√π tanta gente libera si schierer√† con noi. Grazie! ‚ù§Ô∏è"
132,2022-09-14 17:14:11,,Ora a Genova!
133,2022-09-14 15:03:52,,‚ÄúFratelli d‚ÄôItalia non ha personalit√† di spessore per un futuro governo‚Äù ripete quotidianamente la sinistra.  Il loro Ministro degli Esteri in una delicatissima fase per l‚ÄôItalia e per il mondo
134,2022-09-14 13:23:53,,"Governo di destra pericoloso per gli elettori? No caro Enrico, l‚Äôunico pericolo √® per il sistema di potere della sinistra."
135,2022-09-14 09:24:03,,"Il prossimo 25 settembre, per votare basta veramente poco"
136,2022-09-13 18:19:59,,Grazie Torino!
137,2022-09-13 17:32:31,,Bellissima accoglienza a Torino
138,2022-09-11 22:54:29,"pallavolo, italvolley",Fenomenali.  Congratulazioni ai ragazzi della Nazionale Italiana di #pallavolo per la grandissima vittoria al Mondiale contro la Polonia. L‚ÄôItalia √® fiera di voi!üèêüáÆüáπ #italvolley [immagini Rai]
139,2022-09-11 08:07:25,"aborto, fratelliditalia",La nostra posizione in merito alla legge sull‚Äô#aborto. Basta falsit√† della sinistra contro #fratelliditalia .
140,2022-09-10 17:23:50,,Grazie Mestre!
141,2022-09-10 16:25:02,,Che splendida piazza!
142,2022-09-09 14:08:49,,Che spettacolo ieri a Firenze per Fratelli d‚ÄôItalia üáÆüáπ
143,2022-09-09 07:51:31,,"Enrico, dormi tranquillo."
144,2022-09-08 10:35:19,"crisienergetica, bollette, famiglie, imprese, lavoro","Pronti a intervenire sul costo dell‚Äôenergia. Siamo in piena #crisienergetica , con #bollette ormai insostenibili per #famiglie e #imprese. Il nostro intero tessuto produttivo √® in pericolo, con migliaia di aziende e di posti di #lavoro a rischio.  Bisogna intervenire subito. Ecco le nostre proposte"
145,2022-09-07 16:58:57,,"Incredibile: nel programma ufficiale del PD parlano di me. Come si possono presentare le proprie proposte agli italiani e parlare degli avversari? Fa ridere, ma fa anche un po' pensare..."
146,2022-09-06 17:15:51,,Kenta hai ragione
147,2022-09-04 20:25:56,,"Quando incontro un gatto, l‚Äôistinto da gattara ha sempre il sopravvento"
148,2022-09-04 07:10:57,,"Hanno paura della nostra vittoria e le stanno tentando tutte per fermarci. Ma le nostre spalle sono larghe, perch√© ci siete voi a sostenerci.  Il 25 settembre dimostriamo insieme che non esiste potere pi√π forte di quello del popolo italiano."
149,2022-09-01 18:16:51,,Grazie Perugia!
150,2022-09-01 17:18:15,,Che accoglienza qui a Perugia!
151,2022-09-01 11:00:10,,"Uno Stato giusto non pu√≤ mettere sullo stesso piano dell'assistenzialismo chi pu√≤ lavorare e chi non √® in grado di farlo. Uno Stato giusto non pu√≤ dire ai nostri ragazzi di rimanere a casa perch√© non c‚Äô√® bisogno di loro. Noi abbiamo un bisogno disperato dei giovani della nostra Nazione, abbiamo bisogno di credere in loro e far s√¨ che loro credano in se stessi.  Non lasceremo nessuno indietro."
152,2022-09-01 07:19:51,,"Continueremo a batterci con tutte le nostre forze affinch√© Chico Forti possa presto tornare in Italia. Lo dobbiamo a lui, a sua figlia e a tutti i suoi cari."
153,2022-08-31 17:31:00,,"Nonostante la pioggia, anche a Pescara tanta gente in piazza ad ascoltare i programmi di Fratelli d‚ÄôItalia per risollevare la Nazione.  Grazie!"
154,2022-08-31 09:13:06,,Continua il nostro tour per parlare dei programmi di Fratelli d‚ÄôItalia. Ci vediamo a Termoli e a Pescara.
155,2022-08-30 18:31:06,cosenza,Grazie #Cosenza!
156,2022-08-30 17:31:14,,Cosenza ora! Seguite la diretta sulla mia pagina Facebook
157,2022-08-30 15:59:02,,"In apparenza sembravano degli pseudo-rivoluzionari figli di pap√† intenti a strappare per divertimento un manifesto elettorale di Fratelli d‚ÄôItalia. In realt√†, semplicemente riproducendo il video al contrario, sono dei bravi ragazzi che stanno riattaccando un mio manifesto un po‚Äô piegato.  Grazie ragazzi, un esempio di educazione e rispetto verso il prossimo. Il 25 settembre vinceremo anche per voi üòò"
158,2022-08-30 08:04:28,,"Pronti a difendere l‚Äôambiente e la bellezza della nostra terra. Mentre la sinistra parla di manifesti ideologici, noi affronteremo la tutela dell‚Äôambiente in maniera seria, coerente, libera e innovativa, senza pregiudizi nei confronti dello sviluppo economico e delle nuove tecnologie. A cominciare dalla difesa del bene naturale per eccellenza: l‚Äôacqua."
159,2022-08-29 18:30:53,,Accoglienze speciali
160,2022-08-29 18:04:45,catania,Grazie #Catania!
161,2022-08-29 16:59:30,,Catania ora! Potete seguire la diretta sulla mia pagina Facebook.
162,2022-08-29 08:53:05,,"Pronti a tutelare la casa degli italiani.  La casa √® il bene primario attorno alla quale le persone costruiscono il proprio futuro. Fratelli d‚ÄôItalia approver√† una legge che dir√† una cosa semplice: la prima casa non √® pignorabile, salvo ovviamente per il mancato pagamento dell‚Äôeventuale mutuo ipotecario che grava su di essa e in caso di prolungata morosit√† nei confronti del condominio. E approveremo anche un‚Äôaltra legge che prevede lo sgombero immediato delle occupazioni abusive di abitazioni altru"
163,2022-08-28 13:15:50,,"Quando Luigi Di Maio ed Enrico Letta gettano fango sugli avversari ai giornali esteri, non fanno un torto a Fratelli d‚ÄôItalia e al centrodestra, ma a tutta l‚ÄôItalia.  Il 25 settembre dimostriamo loro che questa Nazione pu√≤ ancora rialzarsi, che pu√≤ ancora tornare a stupire il mondo.  Non diamola vinta a gente che, pur di governare, √® disposta a farlo sulle macerie."
164,2022-08-28 08:41:23,,"Pronti a proteggere i nostri animali domestici. ""La civilt√† di un popolo si misura dal modo in cui tratta gli animali‚Äù disse Ghandi. Tra le iniziative gi√† avviate in questa legislatura c‚Äô√® l‚Äôinasprimento delle pene per chi li maltratta, avvelena e abbandona. Inoltre vogliamo avviare campagne sul rispetto degli animali nelle scuole, fermare la tratta illegale dei 300.000 cuccioli provenienti dall‚ÄôEst Europa e ampliare le attivit√† di pet therapy nelle case di cura e negli ospedali."
165,2022-08-27 13:34:30,votafdi,"C‚Äô√® chi parla e c‚Äô√® chi fa. C‚Äô√® chi dipende da qualcuno a cui deve qualcosa, e chi dipende solo dai cittadini con i quali si √® impegnato.  Fratelli d‚ÄôItalia √® fatta da persone libere. Non abbiamo padroni: per questo la sinistra ha paura di noi.  Siamo Pronti a risollevare l‚ÄôItalia. #VotaFdI"
166,2022-08-27 08:25:40,,"Pronti a ridare forza alla volont√† popolare.  L‚Äôelezione diretta del Presidente della Repubblica rappresenterebbe la pi√π potente misura economica di cui necessita l‚ÄôItalia. L‚Äôattuale sistema ci ha portato ad avere 11 governi in 20 anni, rendendo la Nazione instabile e poco credibile: quella che √® cresciuta meno di tutte in Europa. Gli italiani hanno diritto di eleggere il Capo dello Stato e scegliere direttamente da chi farsi governare. Basta con governi calati dall‚Äôalto e basta con i giochi di P"
167,2022-08-27 07:48:11,,Ceglie Messapica: a lezione di panzerotti
168,2022-08-27 05:31:16,,"Pronti a proteggere i lavoratori autonomi. Fratelli d‚ÄôItalia si batte da sempre per l‚Äôintroduzione di ammortizzatori universali, uguali per tutti. Vogliamo istituire uno strumento che garantisca anche agli autonomi, in caso di chiusura della partita IVA, un‚Äôindennit√† di disoccupazione. Uno strumento basato sulle stesse regole della Naspi dei lavoratori dipendenti.  Sempre dalla parte di chi lavora, in qualunque forma lo faccia."
169,2022-08-26 09:42:38,,"Pronti a dare un sostegno concreto alle famiglie. Fratelli d‚ÄôItalia propone un cambio di paradigma nel sistema fiscale che tenga conto della composizione e delle caratteristiche delle famiglie: il cosiddetto ‚Äúquoziente familiare‚Äù. √à un nostro obiettivo di legislatura, ma faremo qualcosa di grande impatto da subito: aumenteremo l‚Äôassegno unico universale del 50%, che in questo modo arriver√† a un massimo di 260 euro mensili per figlio. Perch√© i bambini sono il nostro futuro e la famiglia √® il nucle"
170,2022-08-24 08:54:47,,"Pronti a ridare sicurezza alle nostre citt√†. Strade, piazze e interi quartieri sono completamente abbandonati al degrado e sottratti al controllo dello Stato da parte di organizzazioni criminali e mafia. Serve intervenire subito: rilanceremo e potenzieremo l‚Äôoperazione ‚ÄúStrade Sicure‚Äù e riqualificheremo le periferie, perch√© ogni luce accesa e serranda alzata sono presidi di legalit√†. Gli italiani pagano le tasse anche per la loro sicurezza ed √® compito dello Stato garantirla."
171,2022-08-23 18:48:12,ancona,Grazie #Ancona!
172,2022-08-22 13:32:55,,Continuano le deliranti mistificazioni della sinistra contro di me. Ascoltate cosa si sono inventati questa volta‚Ä¶
173,2022-08-22 07:07:41,,"Pronti a sostenere le imprese che creano lavoro. In Italia le tasse sul lavoro sono troppo alte. Bisogna ridurre il cuneo fiscale, aumentare le buste paga ai lavoratori. Come? Facendo pagare allo Stato - a determinate condizioni - parte dei contributi previdenziali a carico dell‚Äôimpresa e del lavoratore. E bisogna fare di pi√π: premiare le imprese che assumono, secondo il principio del ‚Äúpi√π assumi, meno tasse paghi‚Äù, partendo da un meccanismo di super deduzione del costo del lavoro per chi aumenta il numero degli occupati rispetto agli anni precedenti."
174,2022-08-21 07:24:39,,"Pronti a valorizzare lo sport e gli stili di vita sani. Quanti giovani rimangono vittime delle devianze come droga, alcol, spirale di violenza, quando vengono lasciati soli? L‚Äôantidoto pi√π forte √® lo sport.  Investire sul ‚Äúdiritto allo sport‚Äù significa investire sul futuro, coltivare i talenti, combattere le droghe, crescere le nuove generazioni di italiani cariche di quei valori che solo lo sport pu√≤ offrire e trasmettere."
175,2022-08-20 08:08:08,,"L‚Äôagricoltura √® l‚Äôesempio per eccellenza dell‚Äôeconomia reale. Possediamo un patrimonio di tipicit√†, qualit√†, sicurezza alimentare e cura del territorio che va valorizzato. Dobbiamo tutelare i nostri prodotti ed il Made in Italy, impedendo che vengano introdotti assurdi sistemi di classificazione come il Nutri-score, concepiti solo per colpire le nostre eccellenze agroalimentari, e combattendo con forza la concorrenza sleale dell‚Äôitalian sounding, i prodotti fintamente italiani.  La nostra terra √® la nostra vera ricchezza."
176,2022-08-18 08:25:07,"madeinitaly, tasse, libert√†","Pronti a difendere chi fa impresa rispettando le regole. Le piccole e medie imprese italiane rappresentano l‚Äôossatura della nostra Nazione e i custodi del #madeinitaly. Ma la sinistra ha trattato gli imprenditori, i commercianti e gli autonomi come evasori a prescindere, da combattere e vessare con #tasse e burocrazia.  Noi vogliamo restituire loro la dignit√† e la #libert√† di fare impresa, di creare lavoro e ricchezza.  Cominciamo col dire basta all‚Äôabusivismo e alla concorrenza sleale delle attivit√† ‚Äúapri e chiudi‚Äù, spesso straniere. Chi vuole venire a lavorare in Italia √® il benvenuto, ma chi arriva da fuori l‚ÄôUnione europea, prima di aprire la serranda, dovr√† presentare una fideiussione a garanzia del pagamento delle tasse. In modo che tutti possano competere ad armi pari."
177,2022-08-17 13:04:55,,Riusciranno mai a confrontarsi sui temi senza doversi rifugiare nei quotidiani tentativi di demonizzazione dell‚Äôavversario? Bravo Guido
178,2022-08-17 07:37:47,"redditodicittadinanza, lavoro","Pronti a combattere la povert√†, investendo sul lavoro. Il #redditodicittadinanza, costato ben 9 miliardi allo Stato, ha completamente fallito come strumento di lotta alla povert√† e come misura di politica attiva del #lavoro.  Per questo motivo vogliamo sostituirlo con uno strumento a tutela dei soggetti effettivamente fragili: disabili, over 60 e famiglie con minori a carico privi di reddito.  Un cittadino che pu√≤ lavorare, deve essere aiutato a trovare un posto di lavoro, perch√© l‚Äôunico modo per sconfiggere veramente la povert√† √® il lavoro, non l‚Äôassistenzialismo dello Stato."
179,2022-08-16 07:11:20,,
180,2022-08-11 09:08:55,"fratelliditalia, francese, inglese, spagnolo","Da giorni sulla stampa internazionale leggiamo articoli nei quali #fratelliditalia viene descritta come un pericolo per la democrazia, per la stabilit√† italiana, europea e internazionale. Ovviamente nulla di vero.  A questa narrazione, ispirata e alimentata dalla sinistra, ho deciso di rispondere con un video che ho registrato in #francese, #inglese e #spagnolo  (sul tedesco non mi avventuro üòÇ) per spiegare meglio chi siamo e cosa vogliamo fare. Cos√¨ chi volesse davvero approfondire, e non farsi imbeccare dai nostri avversari, potr√† farlo.  Chi invece, a sinistra, continuer√† con questa narrazione non dannegger√† me o FdI ma l‚ÄôItalia intera. E se ne assumer√† la responsabilit√†. Ps. Il video √® stato gi√† mandato all'estero nella versione integrale in un'unica lingua a seconda della nazione. Per voi abbiamo fatto un collage... ‚ò∫Ô∏è"
181,2022-08-05 16:28:13,"giovani, lavoro?, bufala",Intelligenza artificiale e sistema sanzionatorio per schedare i nostri #giovani che si inseriscono nel mercato del #lavoro? Nulla di reale.  Ascoltate l‚Äôennesima #bufala della sinistra.
182,2022-08-05 09:27:55,"centrodestra, fratelliditalia","Io non accetto il racconto che chi non √® di sinistra non vale niente, che gli elettori di #centrodestra sono analfabeti.  Non serve una tessera di partito per meritare qualcosa e io voglio restituire orgoglio a tutte quelle persone che, per anni, si sono dovute nascondere per poter arrivare dove volevano. #fratelliditalia"
183,2022-07-22 13:00:43,,"Sono passati 5 anni dal congresso di Trieste. Da quel giorno ci hanno dati per vinti, per spacciati, pi√π volte. Eppure eccoci qua: pronti come non mai per dare futuro e speranza alla nostra Nazione. Avanti Fratelli d‚ÄôItalia üáÆüáπ"
184,2022-07-21 13:22:30,democrazia,"Votare non √® ""da irresponsabili"", √® la base della #democrazia. E noi siamo pronti."
185,2022-07-04 16:46:40,,"Porro a Letta: ‚ÄúMeloni ti fa venire i brividi? Perch√©, evidentemente, alle elezioni rischi di perdere‚Äù üëèüèª"
186,2022-07-01 15:02:08,iusscholae,"Scoop della sinistra: ‚Äúla Meloni 8 anni fa diceva di essere d‚Äôaccordo con lo #iusscholae mentre ora vota contro‚Äù. Peccato per√≤ che, ancora una volta, non siano riusciti a comprendere un semplice testo. Provo a spiegarglielo, di nuovo."
187,2022-06-27 09:06:31,elezioni,"I dati di queste elezioni ci obbligano a riportare Letta sul pianeta terra. Se il Pd √® cos√¨ sicuro di aver vinto queste amministrative, allora abbia il coraggio di confrontarsi subito alle #elezioni  politiche.Il Centrodestra torni unito e compatto per vincere le grandi sfide che ci attendono."
188,2022-06-22 07:59:33,"scuola, maturit√†, esame","Si torna tra i banchi di #scuola, ma questa volta sar√† l'ultima. Con l'esame di #maturit√† si conclude non solo un percorso didattico, ma anche di vita, fatto di emozioni, paure e sentimenti. Questo #esame segner√† il vostro passaggio all'et√† adulta e a voi - ragazze e ragazzi che affronterete questo importante momento - faccio il mio pi√π sincero in bocca al lupo. Forza, determinazione e coraggio: il domani √® vostro, vivetelo intensamente."
189,2022-06-16 07:45:05,,La mia risposta agli insulti di La7
190,2022-06-14 13:13:52,,"Dopo il grande risultato di FDI alle amministrative, puntuale come un orologio, parte l‚Äôarmamentario ideologico della sinistra contro di noi. Continueranno imperterriti nel loro disperato tentativo di fermarci, ma finch√© gli italiani saranno con noi non l‚Äôavranno vinta. Perch√© non esiste potere pi√π forte del popolo italiano. Ps: la responsabile Esteri del Pd ci accusa di essere ""sostenuti finanziariamente dalla Russia"". PRETENDO di sapere da Enrico Letta se condivide queste affermazioni."
191,2022-06-11 08:15:36,redditodicittadinanza,"Il paradosso tutto italiano √® che un ragazzo di venti anni, che potrebbe lavorare, pu√≤ arrivare a prendere fino a 780‚Ç¨ di #redditodicittadinanza e un disabile, invece, una pensione da 270‚Ç¨. Vi sembra normale? I giovani devono poter lavorare per partecipare alla crescita della loro comunit√†: la ricchezza non la costruisci con un decreto, la ricchezza la creano i lavoratori e le aziende"
192,2022-06-08 18:12:41,viterbo,Grazie piccole ‚ù§Ô∏è #viterbo
193,2022-06-06 16:50:15,bocelli,"Con il grande Maestro Andrea #Bocelli , orgoglio italiano üáÆüáπ"
194,2022-06-02 09:59:50,"2giugno, festadellarepubblica, bersaglieri",Viva l‚ÄôItalia üáÆüáπ #2giugno #festadellarepubblica #bersaglieri
195,2022-06-01 11:09:01,"messina, sicilia",Calorosa accoglienza a #Messina #Sicilia
196,2022-05-06 17:00:19,"fratelliditalia, boldrini","Secondo la ‚Äúdemocratica‚Äù Laura Boldrini, #fratelliditalia non avrebbe diritto a governare anche qualora vincesse le elezioni. Ascoltate fino alla fine: in pochi minuti rispondo alla #Boldrini e vi mostro il vero volto della sinistra italiana."
197,2022-05-01 18:13:49,,Ci troverete pronti e a testa alta. Vi sfideremo e vi batteremo con il sorriso e l‚Äôorgoglio delle nostre idee.
198,2022-05-01 15:59:33,"fratelliditalia, destra","Mentre alcuni giornalisti hanno utilizzato il loro tempo per far passare #fratelliditalia  come un partito di impresentabili, noi abbiamo costruito una #destra  seria, credibile, moderna, rispettata e che non si √® fatta mettere all‚Äôangolo. Continuino pure a raccontare favolette, noi intanto facciamo la storia."
199,2022-05-01 12:52:33,,Grazie ragazzi!
200,2022-05-01 11:43:30,,"I patrioti italiani tracciano la rotta del programma conservatore. Viva Fratelli d‚ÄôItalia, viva l‚ÄôItalia che non si arrende! üáÆüáπ"
201,2022-04-30 14:00:56,,"L'Europa si √® presentata all'appuntamento della storia senza una difesa, senza una politica estera, incapace di svolgere qualsiasi azione diplomatica. L'ingerenza americana √® una scelta europea ed √® una scelta sbagliata."
202,2022-04-30 07:15:20,energiadaliberare,La libert√†? Negli ultimi due anni √® stata sacrificata per l‚Äôincompetenza di una certa classe politica. √à ora di dire basta. #energiadaliberare
203,2022-04-29 19:27:55,energiadaliberare,"L‚Äôunica ragione per la quale vogliamo arrivare in vetta, √® perch√© da l√¨ sappiamo che possiamo guardare pi√π lontano. #EnergiaDaLiberare"
204,2022-04-29 17:29:11,,"Alla conferenza programmatica di Fratelli d‚ÄôItalia √® appena terminata la mia relazione di apertura, che potete rivedere sulla mia pagina Facebook"
205,2022-04-13 13:24:26,"governo, draghi","Questo √® un #governo che sul piano internazionale, nazionale ed economico non riesce a decidere niente. Una maggioranza che tira a campare. Quindi se #Draghi andasse a casa, sarebbe una buona notizia."
206,2022-03-31 13:27:11,"politica, lamorgese","Che sia incapacit√† o mancanza di volont√† #politica, #Lamorgese  ha fallito su tutto. Cosa aspetta a dimettersi?"
207,2022-03-29 13:21:15,"guerra, conservatrice",Il frastuono della #guerra ha fatto cascare il castello di sabbia della narrazione progressista. Ora pi√π che mai serve una svolta #conservatrice  per tornare ad affrontare la realt√†.
208,2022-03-24 12:57:02,italiani,"Sempre dalla stessa parte, quella degli #italiani."
209,2022-03-22 19:50:37,speranza,"Sulla ventilazione meccanica controllata Fratelli d‚ÄôItalia aveva ragione, ma nessuno ci ha mai ascoltati. #Speranza  ora risponda: perch√© non ha mai considerato la proposta pi√π seria che gli era stata fatta?"
210,2022-03-13 10:51:43,"governo, draghi","Nei documenti del #Governo c‚Äô√® scritto a chiare lettere che la riforma del catasto andr√† ad incidere sulla tassazione della casa. Le rassicurazioni di Mario #Draghi, quindi, sono totalmente infondate.  L‚Äôennesima mattanza sociale che aggraver√† una situazione economica gi√† ai limiti per famiglie ed imprese. Surreale che il Presidente del Consiglio sostenga il contrario."
211,2022-03-12 08:40:33,,"Alcuni personaggi ci provano in tutti i modi, ogni giorno, a dipingere una versione di me molto diversa dalla realt√†. Peccato per loro, le bugie si possono facilmente smentire."
212,2022-03-11 08:13:53,"emergenza, governo, greenpass, fratelliditalia","Nel bel mezzo di una crisi internazionale e in piena #emergenza sul piano economico, di che cosa si occuper√† il ‚Äú#governo dei migliori‚Äù? Prorogare il #greenpass. Una follia priva di senso e senza alcuna evidenza scientifica. #fratelliditalia"
213,2022-03-02 12:15:45,"draghi, emergenza, covid","Presidente #Draghi, se avete deliberato lo stato di #emergenza per la crisi internazionale, bisogna togliere subito quello per il #covid. √à grottesco avere contemporaneamente due stati d‚Äôemergenza e non accetteremo che questa crisi diventi l‚Äôennesimo pretesto per calpestare la democrazia italiana."
214,2022-03-02 08:21:13,,"√à ora di chiamare le cose con il loro nome: riconoscere lo status di rifugiato a chi fugge realmente dalla guerra, approfittando per rimpatriare chi rifugiato non √®. Le immagini di queste ore riusciranno a far comprendere alla sinistra la differenza tra ‚Äúmigranti economici‚Äù e rifugiati veri?"
215,2022-03-01 10:17:39,"fratelliditalia, cpac","Avere a cuore chi siamo, sapere cosa rappresentiamo, √® tutto ci√≤ di cui abbiamo bisogno per affrontare questa sfida. Risveglieremo molti altri come noi... e saremo sempre di pi√π. #fratelliditalia #cpac"
216,2022-02-27 16:12:27,"mainstream, popolo, cpac",Non faremo parte dei loro circoli ristretti perch√© preferiamo le piazze e non faremo parte del loro #mainstream  perch√© siamo dalla parte del #popolo . Non ci arrenderemo e li combatteremo a testa alta. #cpac
217,2022-02-23 13:18:25,"politica, nazionale, italiano",Nella #politica estera bisogna valutare sempre in relazione all'interesse #nazionale. √à quello che fa Fratelli d‚ÄôItalia: noi non siamo i burattini di leader stranieri. L‚Äôunico filo che abbiamo √® quello che ci lega al popolo #italiano.
218,2022-02-21 14:19:59,"lavoro, fratelliditalia, cameradeideputati","A differenza di molti altri, noi i privilegi non li abbiamo mai difesi. Noi stiamo difendendo il #lavoro e gli imprenditori che si erano fidati dello Stato e adesso devono combattere con le unghie e con i denti per salvare la propria attivit√†. #fratelliditalia #cameradeideputati"
219,2022-02-20 17:31:35,greenpass,"Il risultato del #greenpass √® stato solo quello di riuscire a mettere gli italiani gli uni contro gli altri. E mentre l‚ÄôItalia era occupata ad estremizzare il dibattito e a creare discriminazioni, le altre Nazioni del mondo sono ripartite."
220,2022-02-18 17:00:34,,Noi vogliamo difendere l‚ÄôItalia üáÆüáπ
221,2022-02-11 14:53:48,,Sia chiaro a tutti: noi il governo con il PD e con la sinistra non lo faremo mai. I nostri valori sono e resteranno quelli della destra e del centrodestra.
222,2022-02-10 19:07:13,,"Cittadini e imprese schiacciati dalla crisi e dagli aumenti, ma la priorit√† di politica e media √® demonizzare l‚Äôunica opposizione al governo. Ascoltate bene cosa sta accadendo: non lasciatevi ingannare."
223,2022-02-03 16:22:59,fratelliditalia,Non ci sto alla politica del ‚Äúo ti adegui al sistema o non conti niente‚Äù. Io questo sistema lo combatto. Io non mi piego. #fratelliditalia
